month,installment,dividend real,dividend v6,net real,net v6
1,4000.0,900.0,900.0000000000001,-3100.0,-3100.0
2,4000.0,1200.0,1200.0,-2800.0,-2800.0
3,4000.0,1200.0,1200.0,-2800.0,-2800.0
4,4000.0,1200.0,1200.0,-2800.0,-2800.0
5,4000.0,1200.0,1177.6,-2800.0,-2822.4
6,4000.0,1080.0,922.0000000000001,-2920.0,-3078.0
7,4000.0,1050.0,549.6,-2950.0,-3450.4
8,4000.0,754.0,610.4000000000001,-3246.0,-3389.6
9,4000.0,1042.0,498.4,-2958.0,-3501.6
10,4000.0,625.0,393.6,-3375.0,-3606.4
11,4000.0,635.0,324.0,-3365.0,-3676.0
12,4000.0,1023.0,283.99999999999994,-2977.0,-3716.0
13,4000.0,380.0,202.39999999999998,-3620.0,-3797.6
14,4000.0,346.0,251.6,-3654.0,-3748.4
15,4000.0,72.0,103.99999999999999,-3928.0,-3896.0
16,4000.0,37.0,96.8,-3963.0,-3903.2
17,4000.0,46.0,80.39999999999998,-3954.0,-3919.6
18,4000.0,17.0,79.6,-3983.0,-3920.4
19,4000.0,0.0,79.6,-4000.0,-3920.4
20,4000.0,0.0,79.6,91000.0,89089.6
21,4000.0,6.0,79.6,-3994.0,-3920.4
22,4000.0,2.0,79.6,-3998.0,-3920.4
23,4000.0,0.0,79.6,-4000.0,-3920.4
24,4000.0,0.0,79.6,-4000.0,-3920.4
25,4000.0,0.0,79.6,-4000.0,-3920.4
